{"cameraMode":{"drawMode":0,"name":"Shaded","section":"Shading Mode"},"sceneLighting":false,"audioPlay":false,"sceneViewState":{"m_AlwaysRefresh":false,"showFog":true,"showSkybox":false,"showFlares":true,"showImageEffects":true,"showParticleSystems":true,"showVisualEffectGraphs":true,"m_FxEnabled":true},"in2DMode":false,"pivot":{"x":4.059999942779541,"y":1.1180355548858643,"z":3.369999885559082},"rotation":{"x":0.05137769505381584,"y":-0.9477335810661316,"z":0.24250154197216035,"w":0.2008087933063507},"size":1.1667261123657227,"orthographic":true}