{"cameraMode":{"drawMode":0,"name":"Shaded","section":"Shading Mode"},"sceneLighting":true,"audioPlay":false,"sceneViewState":{"m_AlwaysRefresh":false,"showFog":true,"showSkybox":true,"showFlares":true,"showImageEffects":true,"showParticleSystems":true,"showVisualEffectGraphs":true,"m_FxEnabled":true},"in2DMode":false,"pivot":{"x":31.690143585205079,"y":117.99679565429688,"z":-90.71075439453125},"rotation":{"x":-0.2643638253211975,"y":0.021115068346261979,"z":-0.005846548825502396,"w":-0.9642200469970703},"size":233.04522705078126,"orthographic":true}